cell_type,depth,replicate,seed,n_cells,n_individuals,status,n_genes,error
Cardiomyocytes,100,0,42.0,300,3,success,13233,
Cardiomyocytes,100,1,43.0,300,3,success,13228,
Cardiomyocytes,100,2,44.0,300,3,success,13073,
Cardiomyocytes,100,3,45.0,300,3,success,13101,
Cardiomyocytes,100,4,46.0,300,3,success,13224,
Cardiomyocytes,100,5,47.0,300,3,success,13243,
Cardiomyocytes,100,6,48.0,300,3,success,13124,
Cardiomyocytes,100,7,49.0,300,3,success,13143,
Cardiomyocytes,100,8,50.0,300,3,success,13190,
Cardiomyocytes,100,9,51.0,300,3,success,13222,
Cardiomyocytes,100,10,52.0,300,3,success,13298,
Cardiomyocytes,100,11,53.0,300,3,success,13232,
Cardiomyocytes,100,12,54.0,300,3,success,13275,
Cardiomyocytes,100,13,55.0,300,3,success,13254,
Cardiomyocytes,100,14,56.0,300,3,success,13143,
Cardiomyocytes,100,15,57.0,300,3,success,13155,
Cardiomyocytes,100,16,58.0,300,3,success,13185,
Cardiomyocytes,100,17,59.0,300,3,success,13429,
Cardiomyocytes,100,18,60.0,300,3,success,13226,
Cardiomyocytes,100,19,61.0,300,3,success,13144,
Cardiomyocytes,100,20,62.0,300,3,success,13166,
Cardiomyocytes,100,21,63.0,300,3,success,13317,
Cardiomyocytes,100,22,64.0,300,3,success,13137,
Cardiomyocytes,100,23,65.0,300,3,success,13216,
Cardiomyocytes,100,24,66.0,300,3,success,13158,
Cardiomyocytes,100,25,67.0,300,3,success,13157,
Cardiomyocytes,100,26,68.0,300,3,success,13174,
Cardiomyocytes,100,27,69.0,300,3,success,13110,
Cardiomyocytes,100,28,70.0,300,3,success,13175,
Cardiomyocytes,100,29,71.0,300,3,success,13086,
Cardiomyocytes,250,0,42.0,750,3,success,13692,
Cardiomyocytes,250,1,43.0,750,3,success,13710,
Cardiomyocytes,250,2,44.0,750,3,success,13695,
Cardiomyocytes,250,3,45.0,750,3,success,13758,
Cardiomyocytes,250,4,46.0,750,3,success,13644,
Cardiomyocytes,250,5,47.0,750,3,success,13602,
Cardiomyocytes,250,6,48.0,750,3,success,13639,
Cardiomyocytes,250,7,49.0,750,3,success,13676,
Cardiomyocytes,250,8,50.0,750,3,success,13658,
Cardiomyocytes,250,9,51.0,750,3,success,13657,
Cardiomyocytes,250,10,52.0,750,3,success,13644,
Cardiomyocytes,250,11,53.0,750,3,success,13645,
Cardiomyocytes,250,12,54.0,750,3,success,13611,
Cardiomyocytes,250,13,55.0,750,3,success,13583,
Cardiomyocytes,250,14,56.0,750,3,success,13650,
Cardiomyocytes,250,15,57.0,750,3,success,13618,
Cardiomyocytes,250,16,58.0,750,3,success,13655,
Cardiomyocytes,250,17,59.0,750,3,success,13635,
Cardiomyocytes,250,18,60.0,750,3,success,13711,
Cardiomyocytes,250,19,61.0,750,3,success,13689,
Cardiomyocytes,250,20,62.0,750,3,success,13675,
Cardiomyocytes,250,21,63.0,750,3,success,13756,
Cardiomyocytes,250,22,64.0,750,3,success,13660,
Cardiomyocytes,250,23,65.0,750,3,success,13679,
Cardiomyocytes,250,24,66.0,750,3,success,13633,
Cardiomyocytes,250,25,67.0,750,3,success,13707,
Cardiomyocytes,250,26,68.0,750,3,success,13641,
Cardiomyocytes,250,27,69.0,750,3,success,13593,
Cardiomyocytes,250,28,70.0,750,3,success,13586,
Cardiomyocytes,250,29,71.0,750,3,success,13647,
Cardiomyocytes,500,0,42.0,1500,3,success,13815,
Cardiomyocytes,500,1,43.0,1500,3,success,13876,
Cardiomyocytes,500,2,44.0,1500,3,success,13784,
Cardiomyocytes,500,3,45.0,1500,3,success,13883,
Cardiomyocytes,500,4,46.0,1500,3,success,13774,
Cardiomyocytes,500,5,47.0,1500,3,success,13834,
Cardiomyocytes,500,6,48.0,1500,3,success,13813,
Cardiomyocytes,500,7,49.0,1500,3,success,13847,
Cardiomyocytes,500,8,50.0,1500,3,success,13844,
Cardiomyocytes,500,9,51.0,1500,3,success,13834,
Cardiomyocytes,500,10,52.0,1500,3,success,13817,
Cardiomyocytes,500,11,53.0,1500,3,success,13844,
Cardiomyocytes,500,12,54.0,1500,3,success,13873,
Cardiomyocytes,500,13,55.0,1500,3,success,13878,
Cardiomyocytes,500,14,56.0,1500,3,success,13832,
Cardiomyocytes,500,15,57.0,1500,3,success,13833,
Cardiomyocytes,500,16,58.0,1500,3,success,13771,
Cardiomyocytes,500,17,59.0,1500,3,success,13835,
Cardiomyocytes,500,18,60.0,1500,3,success,13792,
Cardiomyocytes,500,19,61.0,1500,3,success,13802,
Cardiomyocytes,500,20,62.0,1500,3,success,13880,
Cardiomyocytes,500,21,63.0,1500,3,success,13836,
Cardiomyocytes,500,22,64.0,1500,3,success,13778,
Cardiomyocytes,500,23,65.0,1500,3,success,13855,
Cardiomyocytes,500,24,66.0,1500,3,success,13801,
Cardiomyocytes,500,25,67.0,1500,3,success,13843,
Cardiomyocytes,500,26,68.0,1500,3,success,13810,
Cardiomyocytes,500,27,69.0,1500,3,success,13864,
Cardiomyocytes,500,28,70.0,1500,3,success,13838,
Cardiomyocytes,500,29,71.0,1500,3,success,13819,
Cardiomyocytes,1000,0,42.0,3000,3,success,13898,
Cardiomyocytes,1000,1,43.0,3000,3,success,13893,
Cardiomyocytes,1000,2,44.0,3000,3,success,13916,
Cardiomyocytes,1000,3,45.0,3000,3,success,13929,
Cardiomyocytes,1000,4,46.0,3000,3,success,13893,
Cardiomyocytes,1000,5,47.0,3000,3,success,13908,
Cardiomyocytes,1000,6,48.0,3000,3,success,13880,
Cardiomyocytes,1000,7,49.0,3000,3,success,13917,
Cardiomyocytes,1000,8,50.0,3000,3,success,13918,
Cardiomyocytes,1000,9,51.0,3000,3,success,13874,
Cardiomyocytes,1000,10,52.0,3000,3,success,13884,
Cardiomyocytes,1000,11,53.0,3000,3,success,13915,
Cardiomyocytes,1000,12,54.0,3000,3,success,13881,
Cardiomyocytes,1000,13,55.0,3000,3,success,13883,
Cardiomyocytes,1000,14,56.0,3000,3,success,13896,
Cardiomyocytes,1000,15,57.0,3000,3,success,13872,
Cardiomyocytes,1000,16,58.0,3000,3,success,13889,
Cardiomyocytes,1000,17,59.0,3000,3,success,13870,
Cardiomyocytes,1000,18,60.0,3000,3,success,13922,
Cardiomyocytes,1000,19,61.0,3000,3,success,13899,
Cardiomyocytes,1000,20,62.0,3000,3,success,13882,
Cardiomyocytes,1000,21,63.0,3000,3,success,13876,
Cardiomyocytes,1000,22,64.0,3000,3,success,13888,
Cardiomyocytes,1000,23,65.0,3000,3,success,13878,
Cardiomyocytes,1000,24,66.0,3000,3,success,13889,
Cardiomyocytes,1000,25,67.0,3000,3,success,13899,
Cardiomyocytes,1000,26,68.0,3000,3,success,13885,
Cardiomyocytes,1000,27,69.0,3000,3,success,13871,
Cardiomyocytes,1000,28,70.0,3000,3,success,13876,
Cardiomyocytes,1000,29,71.0,3000,3,success,13853,
Cardiomyocytes,2500,0,42.0,7500,3,success,13904,
Cardiomyocytes,2500,1,43.0,7500,3,success,13911,
Cardiomyocytes,2500,2,44.0,7500,3,success,13900,
Cardiomyocytes,2500,3,45.0,7500,3,success,13904,
Cardiomyocytes,2500,4,46.0,7500,3,success,13928,
Cardiomyocytes,2500,5,47.0,7500,3,success,13926,
Cardiomyocytes,2500,6,48.0,7500,3,success,13909,
Cardiomyocytes,2500,7,49.0,7500,3,success,13955,
Cardiomyocytes,2500,8,50.0,7500,3,success,13934,
Cardiomyocytes,2500,9,51.0,7500,3,success,13897,
Cardiomyocytes,2500,10,52.0,7500,3,success,13931,
Cardiomyocytes,2500,11,53.0,7500,3,success,13910,
Cardiomyocytes,2500,12,54.0,7500,3,success,13922,
Cardiomyocytes,2500,13,55.0,7500,3,success,13922,
Cardiomyocytes,2500,14,56.0,7500,3,success,13894,
Cardiomyocytes,2500,15,57.0,7500,3,success,13923,
Cardiomyocytes,2500,16,58.0,7500,3,success,13913,
Cardiomyocytes,2500,17,59.0,7500,3,success,13912,
Cardiomyocytes,2500,18,60.0,7500,3,success,13935,
Cardiomyocytes,2500,19,61.0,7500,3,success,13917,
Cardiomyocytes,2500,20,62.0,7500,3,success,13891,
Cardiomyocytes,2500,21,63.0,7500,3,success,13929,
Cardiomyocytes,2500,22,64.0,7500,3,success,13923,
Cardiomyocytes,2500,23,65.0,7500,3,success,13915,
Cardiomyocytes,2500,24,66.0,7500,3,success,13926,
Cardiomyocytes,2500,25,67.0,7500,3,success,13909,
Cardiomyocytes,2500,26,68.0,7500,3,success,13926,
Cardiomyocytes,2500,27,69.0,7500,3,success,13918,
Cardiomyocytes,2500,28,70.0,7500,3,success,13922,
Cardiomyocytes,2500,29,71.0,7500,3,success,13917,
Cardiomyocytes,5000,0,42.0,15000,3,success,13953,
Cardiomyocytes,5000,1,43.0,15000,3,success,13932,
Cardiomyocytes,5000,2,44.0,15000,3,success,13924,
Cardiomyocytes,5000,3,45.0,15000,3,success,13920,
Cardiomyocytes,5000,4,46.0,15000,3,success,13935,
Cardiomyocytes,5000,5,47.0,15000,3,success,13928,
Cardiomyocytes,5000,6,48.0,15000,3,success,13945,
Cardiomyocytes,5000,7,49.0,15000,3,success,13932,
Cardiomyocytes,5000,8,50.0,15000,3,success,13954,
Cardiomyocytes,5000,9,51.0,15000,3,success,13928,
Cardiomyocytes,5000,10,52.0,15000,3,success,13945,
Cardiomyocytes,5000,11,53.0,15000,3,success,13935,
Cardiomyocytes,5000,12,54.0,15000,3,success,13953,
Cardiomyocytes,5000,13,55.0,15000,3,success,13934,
Cardiomyocytes,5000,14,56.0,15000,3,success,13924,
Cardiomyocytes,5000,15,57.0,15000,3,success,13931,
Cardiomyocytes,5000,16,58.0,15000,3,success,13922,
Cardiomyocytes,5000,17,59.0,15000,3,success,13959,
Cardiomyocytes,5000,18,60.0,15000,3,success,13939,
Cardiomyocytes,5000,19,61.0,15000,3,success,13934,
Cardiomyocytes,5000,20,62.0,15000,3,success,13949,
Cardiomyocytes,5000,21,63.0,15000,3,success,13934,
Cardiomyocytes,5000,22,64.0,15000,3,success,13949,
Cardiomyocytes,5000,23,65.0,15000,3,success,13932,
Cardiomyocytes,5000,24,66.0,15000,3,success,13933,
Cardiomyocytes,5000,25,67.0,15000,3,success,13926,
Cardiomyocytes,5000,26,68.0,15000,3,success,13936,
Cardiomyocytes,5000,27,69.0,15000,3,success,13937,
Cardiomyocytes,5000,28,70.0,15000,3,success,13932,
Cardiomyocytes,5000,29,71.0,15000,3,success,13926,
Cardiomyocytes,full,0,,30423,3,success,13945,
